ID_ENTIDAD,DISTRITO,nombre_partido,candidato
1,1,PAN,PAN
1,1,PRI,PAN
1,1,PRD,PAN
1,1,PT,PT
1,1,MORENA,MORENA
1,1,PVEM,PVEM
1,2,PAN,PAN
1,2,PRI,PRI
1,2,PRD,PRD
1,2,PT,PT
1,2,MORENA,PT
1,2,PVEM,PT
1,3,PAN,PAN
1,3,PRI,PRI
1,3,PRD,PRD
1,3,PT,PVEM
1,3,MORENA,PVEM
1,3,PVEM,PVEM
2,1,PAN,PAN
2,1,PRI,PAN
2,1,PRD,PAN
2,1,PT,MORENA
2,1,MORENA,MORENA
2,1,PVEM,MORENA
2,2,PAN,PAN
2,2,PRI,PRI
2,2,PRD,PRD
2,2,PT,PT
2,2,MORENA,MORENA
2,2,PVEM,PVEM
2,3,PAN,PRI
2,3,PRI,PRI
2,3,PRD,PRI
2,3,PT,PT
2,3,MORENA,PT
2,3,PVEM,PT
2,4,PAN,PRD
2,4,PRI,PRD
2,4,PRD,PRD
2,4,PT,PT
2,4,MORENA,MORENA
2,4,PVEM,PVEM
2,5,PAN,PRD
2,5,PRI,PRD
2,5,PRD,PRD
2,5,PT,PT
2,5,MORENA,MORENA
2,5,PVEM,PVEM
2,6,PAN,PRD
2,6,PRI,PRD
2,6,PRD,PRD
2,6,PT,PT
2,6,MORENA,MORENA
2,6,PVEM,PVEM
2,7,PAN,PRI
2,7,PRI,PRI
2,7,PRD,PRI
2,7,PT,MORENA
2,7,MORENA,MORENA
2,7,PVEM,MORENA
2,8,PAN,PRD
2,8,PRI,PRD
2,8,PRD,PRD
2,8,PT,PVEM
2,8,MORENA,PVEM
2,8,PVEM,PVEM
3,1,PAN,PAN
3,1,PRI,PAN
3,1,PRD,PAN
3,1,PT,PT
3,1,MORENA,PT
3,1,PVEM,PT
3,2,PAN,PAN
3,2,PRI,PAN
3,2,PRD,PAN
3,2,PT,PT
3,2,MORENA,PT
3,2,PVEM,PT
4,1,PAN,PRI
4,1,PRI,PRI
4,1,PRD,PRI
4,1,PT,PT
4,1,MORENA,MORENA
4,1,PVEM,PVEM
4,2,PAN,PAN
4,2,PRI,PAN
4,2,PRD,PAN
4,2,PT,PT
4,2,MORENA,MORENA
4,2,PVEM,PVEM
5,1,PAN,PAN
5,1,PRI,PRI
5,1,PRD,PRD
5,1,PT,PT
5,1,MORENA,PT
5,1,PVEM,PT
5,2,PAN,PAN
5,2,PRI,PRI
5,2,PRD,PRD
5,2,PT,MORENA
5,2,MORENA,MORENA
5,2,PVEM,MORENA
5,3,PAN,PAN
5,3,PRI,PRI
5,3,PRD,PRD
5,3,PT,MORENA
5,3,MORENA,MORENA
5,3,PVEM,MORENA
5,4,PAN,PAN
5,4,PRI,PRI
5,4,PRD,PRD
5,4,PT,MORENA
5,4,MORENA,MORENA
5,4,PVEM,MORENA
5,5,PAN,PAN
5,5,PRI,PRI
5,5,PRD,PRD
5,5,PT,MORENA
5,5,MORENA,MORENA
5,5,PVEM,MORENA
5,6,PAN,PAN
5,6,PRI,PRI
5,6,PRD,PRD
5,6,PT,PT
5,6,MORENA,PT
5,6,PVEM,PT
5,7,PAN,PAN
5,7,PRI,PRI
5,7,PRD,PRD
5,7,PT,PT
5,7,MORENA,MORENA
5,7,PVEM,PVEM
6,1,PAN,PAN
6,1,PRI,PAN
6,1,PRD,PAN
6,1,PT,PT
6,1,MORENA,MORENA
6,1,PVEM,PVEM
6,2,PAN,PRI
6,2,PRI,PRI
6,2,PRD,PRI
6,2,PT,PT
6,2,MORENA,MORENA
6,2,PVEM,PVEM
7,1,PAN,PRD
7,1,PRI,PRD
7,1,PRD,PRD
7,1,PT,MORENA
7,1,MORENA,MORENA
7,1,PVEM,MORENA
7,2,PAN,PRI
7,2,PRI,PRI
7,2,PRD,PRI
7,2,PT,MORENA
7,2,MORENA,MORENA
7,2,PVEM,MORENA
7,3,PAN,PRD
7,3,PRI,PRD
7,3,PRD,PRD
7,3,PT,PT
7,3,MORENA,MORENA
7,3,PVEM,PVEM
7,4,PAN,PAN
7,4,PRI,PAN
7,4,PRD,PAN
7,4,PT,PT
7,4,MORENA,MORENA
7,4,PVEM,PVEM
7,5,PAN,PRI
7,5,PRI,PRI
7,5,PRD,PRI
7,5,PT,PT
7,5,MORENA,PT
7,5,PVEM,PT
7,6,PAN,PRD
7,6,PRI,PRD
7,6,PRD,PRD
7,6,PT,MORENA
7,6,MORENA,MORENA
7,6,PVEM,MORENA
7,7,PAN,PAN
7,7,PRI,PAN
7,7,PRD,PAN
7,7,PT,MORENA
7,7,MORENA,MORENA
7,7,PVEM,MORENA
7,8,PAN,PRI
7,8,PRI,PRI
7,8,PRD,PRI
7,8,PT,MORENA
7,8,MORENA,MORENA
7,8,PVEM,MORENA
7,9,PAN,PAN
7,9,PRI,PAN
7,9,PRD,PAN
7,9,PT,MORENA
7,9,MORENA,MORENA
7,9,PVEM,MORENA
7,10,PAN,PRI
7,10,PRI,PRI
7,10,PRD,PRI
7,10,PT,PVEM
7,10,MORENA,PVEM
7,10,PVEM,PVEM
7,11,PAN,PRD
7,11,PRI,PRD
7,11,PRD,PRD
7,11,PT,PVEM
7,11,MORENA,PVEM
7,11,PVEM,PVEM
7,12,PAN,PRI
7,12,PRI,PRI
7,12,PRD,PRI
7,12,PT,PT
7,12,MORENA,MORENA
7,12,PVEM,PVEM
7,13,PAN,PRD
7,13,PRI,PRD
7,13,PRD,PRD
7,13,PT,PVEM
7,13,MORENA,PVEM
7,13,PVEM,PVEM
8,1,PAN,PRD
8,1,PRI,PRD
8,1,PRD,PRD
8,1,PT,PT
8,1,MORENA,MORENA
8,1,PVEM,PVEM
8,2,PAN,PRI
8,2,PRI,PRI
8,2,PRD,PRI
8,2,PT,MORENA
8,2,MORENA,MORENA
8,2,PVEM,MORENA
8,3,PAN,PRD
8,3,PRI,PRD
8,3,PRD,PRD
8,3,PT,PT
8,3,MORENA,PT
8,3,PVEM,PT
8,4,PAN,PAN
8,4,PRI,PAN
8,4,PRD,PAN
8,4,PT,MORENA
8,4,MORENA,MORENA
8,4,PVEM,MORENA
8,5,PAN,PAN
8,5,PRI,PAN
8,5,PRD,PAN
8,5,PT,PVEM
8,5,MORENA,PVEM
8,5,PVEM,PVEM
8,6,PAN,PAN
8,6,PRI,PRI
8,6,PRD,PRD
8,6,PT,PT
8,6,MORENA,MORENA
8,6,PVEM,PVEM
8,7,PAN,PAN
8,7,PRI,PAN
8,7,PRD,PAN
8,7,PT,PT
8,7,MORENA,PT
8,7,PVEM,PT
8,8,PAN,PAN
8,8,PRI,PRI
8,8,PRD,PRD
8,8,PT,MORENA
8,8,MORENA,MORENA
8,8,PVEM,MORENA
8,9,PAN,PAN
8,9,PRI,PAN
8,9,PRD,PAN
8,9,PT,PVEM
8,9,MORENA,PVEM
8,9,PVEM,PVEM
9,1,PAN,PRD
9,1,PRI,PRD
9,1,PRD,PRD
9,1,PT,PT
9,1,MORENA,MORENA
9,1,PVEM,PVEM
9,2,PAN,PRI
9,2,PRI,PRI
9,2,PRD,PRI
9,2,PT,PVEM
9,2,MORENA,PVEM
9,2,PVEM,PVEM
9,3,PAN,PAN
9,3,PRI,PAN
9,3,PRD,PAN
9,3,PT,MORENA
9,3,MORENA,MORENA
9,3,PVEM,MORENA
9,4,PAN,PRD
9,4,PRI,PRD
9,4,PRD,PRD
9,4,PT,PT
9,4,MORENA,PT
9,4,PVEM,PT
9,5,PAN,PRI
9,5,PRI,PRI
9,5,PRD,PRI
9,5,PT,MORENA
9,5,MORENA,MORENA
9,5,PVEM,MORENA
9,6,PAN,PAN
9,6,PRI,PAN
9,6,PRD,PAN
9,6,PT,PT
9,6,MORENA,MORENA
9,6,PVEM,PVEM
9,7,PAN,PRD
9,7,PRI,PRD
9,7,PRD,PRD
9,7,PT,PT
9,7,MORENA,MORENA
9,7,PVEM,PVEM
9,8,PAN,PRI
9,8,PRI,PRI
9,8,PRD,PRI
9,8,PT,PT
9,8,MORENA,PT
9,8,PVEM,PT
9,9,PAN,PRI
9,9,PRI,PRI
9,9,PRD,PRI
9,9,PT,PT
9,9,MORENA,MORENA
9,9,PVEM,PVEM
9,10,PAN,PAN
9,10,PRI,PAN
9,10,PRD,PAN
9,10,PT,MORENA
9,10,MORENA,MORENA
9,10,PVEM,MORENA
9,11,PAN,PRD
9,11,PRI,PRD
9,11,PRD,PRD
9,11,PT,PT
9,11,MORENA,MORENA
9,11,PVEM,PVEM
9,12,PAN,PRD
9,12,PRI,PRD
9,12,PRD,PRD
9,12,PT,PT
9,12,MORENA,MORENA
9,12,PVEM,PVEM
9,13,PAN,PRD
9,13,PRI,PRD
9,13,PRD,PRD
9,13,PT,MORENA
9,13,MORENA,MORENA
9,13,PVEM,MORENA
9,14,PAN,PRD
9,14,PRI,PRD
9,14,PRD,PRD
9,14,PT,PT
9,14,MORENA,MORENA
9,14,PVEM,PVEM
9,15,PAN,PAN
9,15,PRI,PAN
9,15,PRD,PAN
9,15,PT,PVEM
9,15,MORENA,PVEM
9,15,PVEM,PVEM
9,16,PAN,PRI
9,16,PRI,PRI
9,16,PRD,PRI
9,16,PT,MORENA
9,16,MORENA,MORENA
9,16,PVEM,MORENA
9,17,PAN,PAN
9,17,PRI,PAN
9,17,PRD,PAN
9,17,PT,PVEM
9,17,MORENA,PVEM
9,17,PVEM,PVEM
9,18,PAN,PRD
9,18,PRI,PRD
9,18,PRD,PRD
9,18,PT,PT
9,18,MORENA,MORENA
9,18,PVEM,PVEM
9,19,PAN,PRI
9,19,PRI,PRI
9,19,PRD,PRI
9,19,PT,PT
9,19,MORENA,MORENA
9,19,PVEM,PVEM
9,20,PAN,PRD
9,20,PRI,PRD
9,20,PRD,PRD
9,20,PT,PT
9,20,MORENA,PT
9,20,PVEM,PT
9,21,PAN,PRI
9,21,PRI,PRI
9,21,PRD,PRI
9,21,PT,PT
9,21,MORENA,MORENA
9,21,PVEM,PVEM
9,22,PAN,PRI
9,22,PRI,PRI
9,22,PRD,PRI
9,22,PT,PT
9,22,MORENA,MORENA
9,22,PVEM,PVEM
9,23,PAN,PAN
9,23,PRI,PAN
9,23,PRD,PAN
9,23,PT,MORENA
9,23,MORENA,MORENA
9,23,PVEM,MORENA
9,24,PAN,PAN
9,24,PRI,PAN
9,24,PRD,PAN
9,24,PT,PT
9,24,MORENA,MORENA
9,24,PVEM,PVEM
10,1,PAN,PAN
10,1,PRI,PAN
10,1,PRD,PAN
10,1,PT,MORENA
10,1,MORENA,MORENA
10,1,PVEM,MORENA
10,2,PAN,PRI
10,2,PRI,PRI
10,2,PRD,PRI
10,2,PT,MORENA
10,2,MORENA,MORENA
10,2,PVEM,MORENA
10,3,PAN,PRI
10,3,PRI,PRI
10,3,PRD,PRI
10,3,PT,MORENA
10,3,MORENA,MORENA
10,3,PVEM,MORENA
10,4,PAN,PAN
10,4,PRI,PAN
10,4,PRD,PAN
10,4,PT,PT
10,4,MORENA,PT
10,4,PVEM,PT
11,1,PAN,PAN
11,1,PRI,PRI
11,1,PRD,PRD
11,1,PT,PT
11,1,MORENA,MORENA
11,1,PVEM,PVEM
11,2,PAN,PAN
11,2,PRI,PRI
11,2,PRD,PRD
11,2,PT,PT
11,2,MORENA,MORENA
11,2,PVEM,PVEM
11,3,PAN,PAN
11,3,PRI,PRI
11,3,PRD,PRD
11,3,PT,PT
11,3,MORENA,MORENA
11,3,PVEM,PVEM
11,4,PAN,PAN
11,4,PRI,PRI
11,4,PRD,PRD
11,4,PT,PT
11,4,MORENA,MORENA
11,4,PVEM,PVEM
11,5,PAN,PAN
11,5,PRI,PRI
11,5,PRD,PRD
11,5,PT,PT
11,5,MORENA,MORENA
11,5,PVEM,PVEM
11,6,PAN,PAN
11,6,PRI,PRI
11,6,PRD,PRD
11,6,PT,PT
11,6,MORENA,MORENA
11,6,PVEM,PVEM
11,7,PAN,PAN
11,7,PRI,PRI
11,7,PRD,PRD
11,7,PT,PT
11,7,MORENA,MORENA
11,7,PVEM,PVEM
11,8,PAN,PAN
11,8,PRI,PAN
11,8,PRD,PAN
11,8,PT,PT
11,8,MORENA,MORENA
11,8,PVEM,PVEM
11,9,PAN,PAN
11,9,PRI,PRI
11,9,PRD,PRD
11,9,PT,PT
11,9,MORENA,MORENA
11,9,PVEM,PVEM
11,10,PAN,PAN
11,10,PRI,PRI
11,10,PRD,PRD
11,10,PT,PT
11,10,MORENA,MORENA
11,10,PVEM,PVEM
11,11,PAN,PAN
11,11,PRI,PRI
11,11,PRD,PRD
11,11,PT,PT
11,11,MORENA,MORENA
11,11,PVEM,PVEM
11,12,PAN,PAN
11,12,PRI,PRI
11,12,PRD,PRD
11,12,PT,PT
11,12,MORENA,MORENA
11,12,PVEM,PVEM
11,13,PAN,PAN
11,13,PRI,PRI
11,13,PRD,PRD
11,13,PT,MORENA
11,13,MORENA,MORENA
11,13,PVEM,MORENA
11,14,PAN,PAN
11,14,PRI,PRI
11,14,PRD,PRD
11,14,PT,PT
11,14,MORENA,MORENA
11,14,PVEM,PVEM
11,15,PAN,PAN
11,15,PRI,PRI
11,15,PRD,PRD
11,15,PT,PT
11,15,MORENA,MORENA
11,15,PVEM,PVEM
12,1,PAN,PRI
12,1,PRI,PRI
12,1,PRD,PRI
12,1,PT,MORENA
12,1,MORENA,MORENA
12,1,PVEM,MORENA
12,2,PAN,PAN
12,2,PRI,PRI
12,2,PRD,PRD
12,2,PT,PT
12,2,MORENA,MORENA
12,2,PVEM,PVEM
12,3,PAN,PRD
12,3,PRI,PRD
12,3,PRD,PRD
12,3,PT,PVEM
12,3,MORENA,PVEM
12,3,PVEM,PVEM
12,4,PAN,PRD
12,4,PRI,PRD
12,4,PRD,PRD
12,4,PT,PT
12,4,MORENA,MORENA
12,4,PVEM,PVEM
12,5,PAN,PRD
12,5,PRI,PRD
12,5,PRD,PRD
12,5,PT,PT
12,5,MORENA,PT
12,5,PVEM,PT
12,6,PAN,PRD
12,6,PRI,PRD
12,6,PRD,PRD
12,6,PT,MORENA
12,6,MORENA,MORENA
12,6,PVEM,MORENA
12,7,PAN,PRI
12,7,PRI,PRI
12,7,PRD,PRI
12,7,PT,MORENA
12,7,MORENA,MORENA
12,7,PVEM,MORENA
12,8,PAN,PRI
12,8,PRI,PRI
12,8,PRD,PRI
12,8,PT,PVEM
12,8,MORENA,PVEM
12,8,PVEM,PVEM
12,9,PAN,PRI
12,9,PRI,PRI
12,9,PRD,PRI
12,9,PT,PT
12,9,MORENA,MORENA
12,9,PVEM,PVEM
13,1,PAN,PRI
13,1,PRI,PRI
13,1,PRD,PRI
13,1,PT,MORENA
13,1,MORENA,MORENA
13,1,PVEM,MORENA
13,2,PAN,PAN
13,2,PRI,PAN
13,2,PRD,PAN
13,2,PT,PVEM
13,2,MORENA,PVEM
13,2,PVEM,PVEM
13,3,PAN,PRD
13,3,PRI,PRD
13,3,PRD,PRD
13,3,PT,PT
13,3,MORENA,MORENA
13,3,PVEM,PVEM
13,4,PAN,PAN
13,4,PRI,PAN
13,4,PRD,PAN
13,4,PT,MORENA
13,4,MORENA,MORENA
13,4,PVEM,MORENA
13,5,PAN,PRD
13,5,PRI,PRD
13,5,PRD,PRD
13,5,PT,PVEM
13,5,MORENA,PVEM
13,5,PVEM,PVEM
13,6,PAN,PRI
13,6,PRI,PRI
13,6,PRD,PRI
13,6,PT,MORENA
13,6,MORENA,MORENA
13,6,PVEM,MORENA
13,7,PAN,PRI
13,7,PRI,PRI
13,7,PRD,PRI
13,7,PT,PT
13,7,MORENA,MORENA
13,7,PVEM,PVEM
14,1,PAN,PAN
14,1,PRI,PAN
14,1,PRD,PAN
14,1,PT,MORENA
14,1,MORENA,MORENA
14,1,PVEM,MORENA
14,2,PAN,PAN
14,2,PRI,PAN
14,2,PRD,PAN
14,2,PT,PT
14,2,MORENA,MORENA
14,2,PVEM,PVEM
14,3,PAN,PAN
14,3,PRI,PAN
14,3,PRD,PAN
14,3,PT,PT
14,3,MORENA,MORENA
14,3,PVEM,PVEM
14,4,PAN,PRI
14,4,PRI,PRI
14,4,PRD,PRI
14,4,PT,PVEM
14,4,MORENA,PVEM
14,4,PVEM,PVEM
14,5,PAN,PRD
14,5,PRI,PRD
14,5,PRD,PRD
14,5,PT,MORENA
14,5,MORENA,MORENA
14,5,PVEM,MORENA
14,6,PAN,PAN
14,6,PRI,PAN
14,6,PRD,PAN
14,6,PT,PVEM
14,6,MORENA,PVEM
14,6,PVEM,PVEM
14,7,PAN,PRI
14,7,PRI,PRI
14,7,PRD,PRI
14,7,PT,MORENA
14,7,MORENA,MORENA
14,7,PVEM,MORENA
14,8,PAN,PAN
14,8,PRI,PAN
14,8,PRD,PAN
14,8,PT,PVEM
14,8,MORENA,PVEM
14,8,PVEM,PVEM
14,9,PAN,PRD
14,9,PRI,PRD
14,9,PRD,PRD
14,9,PT,PVEM
14,9,MORENA,PVEM
14,9,PVEM,PVEM
14,10,PAN,PAN
14,10,PRI,PAN
14,10,PRD,PAN
14,10,PT,MORENA
14,10,MORENA,MORENA
14,10,PVEM,MORENA
14,11,PAN,PRI
14,11,PRI,PRI
14,11,PRD,PRI
14,11,PT,MORENA
14,11,MORENA,MORENA
14,11,PVEM,MORENA
14,12,PAN,PRD
14,12,PRI,PRD
14,12,PRD,PRD
14,12,PT,MORENA
14,12,MORENA,MORENA
14,12,PVEM,MORENA
14,13,PAN,PAN
14,13,PRI,PAN
14,13,PRD,PAN
14,13,PT,MORENA
14,13,MORENA,MORENA
14,13,PVEM,MORENA
14,14,PAN,PRD
14,14,PRI,PRD
14,14,PRD,PRD
14,14,PT,PVEM
14,14,MORENA,PVEM
14,14,PVEM,PVEM
14,15,PAN,PAN
14,15,PRI,PAN
14,15,PRD,PAN
14,15,PT,MORENA
14,15,MORENA,MORENA
14,15,PVEM,MORENA
14,16,PAN,PRD
14,16,PRI,PRD
14,16,PRD,PRD
14,16,PT,MORENA
14,16,MORENA,MORENA
14,16,PVEM,MORENA
14,17,PAN,PRI
14,17,PRI,PRI
14,17,PRD,PRI
14,17,PT,PVEM
14,17,MORENA,PVEM
14,17,PVEM,PVEM
14,18,PAN,PRI
14,18,PRI,PRI
14,18,PRD,PRI
14,18,PT,MORENA
14,18,MORENA,MORENA
14,18,PVEM,MORENA
14,19,PAN,PRI
14,19,PRI,PRI
14,19,PRD,PRI
14,19,PT,MORENA
14,19,MORENA,MORENA
14,19,PVEM,MORENA
14,20,PAN,PRI
14,20,PRI,PRI
14,20,PRD,PRI
14,20,PT,PT
14,20,MORENA,PT
14,20,PVEM,PT
15,1,PAN,PRI
15,1,PRI,PRI
15,1,PRD,PRI
15,1,PT,PVEM
15,1,MORENA,PVEM
15,1,PVEM,PVEM
15,2,PAN,PRD
15,2,PRI,PRD
15,2,PRD,PRD
15,2,PT,PT
15,2,MORENA,PT
15,2,PVEM,PT
15,3,PAN,PRI
15,3,PRI,PRI
15,3,PRD,PRI
15,3,PT,PT
15,3,MORENA,PT
15,3,PVEM,PT
15,4,PAN,PAN
15,4,PRI,PRI
15,4,PRD,PRD
15,4,PT,MORENA
15,4,MORENA,MORENA
15,4,PVEM,MORENA
15,5,PAN,PAN
15,5,PRI,PRI
15,5,PRD,PRD
15,5,PT,PT
15,5,MORENA,PT
15,5,PVEM,PT
15,6,PAN,PRD
15,6,PRI,PRD
15,6,PRD,PRD
15,6,PT,PVEM
15,6,MORENA,PVEM
15,6,PVEM,PVEM
15,7,PAN,PAN
15,7,PRI,PAN
15,7,PRD,PAN
15,7,PT,PT
15,7,MORENA,MORENA
15,7,PVEM,PVEM
15,8,PAN,PAN
15,8,PRI,PRI
15,8,PRD,PRD
15,8,PT,PT
15,8,MORENA,MORENA
15,8,PVEM,PVEM
15,9,PAN,PRI
15,9,PRI,PRI
15,9,PRD,PRI
15,9,PT,PT
15,9,MORENA,MORENA
15,9,PVEM,PVEM
15,10,PAN,PAN
15,10,PRI,PRI
15,10,PRD,PRD
15,10,PT,PT
15,10,MORENA,MORENA
15,10,PVEM,PVEM
15,11,PAN,PAN
15,11,PRI,PRI
15,11,PRD,PRD
15,11,PT,PT
15,11,MORENA,MORENA
15,11,PVEM,PVEM
15,12,PAN,PAN
15,12,PRI,PRI
15,12,PRD,PRD
15,12,PT,PVEM
15,12,MORENA,PVEM
15,12,PVEM,PVEM
15,13,PAN,PAN
15,13,PRI,PRI
15,13,PRD,PRD
15,13,PT,PT
15,13,MORENA,MORENA
15,13,PVEM,PVEM
15,14,PAN,PAN
15,14,PRI,PAN
15,14,PRD,PAN
15,14,PT,PT
15,14,MORENA,PT
15,14,PVEM,PT
15,15,PAN,PAN
15,15,PRI,PAN
15,15,PRD,PAN
15,15,PT,PT
15,15,MORENA,PT
15,15,PVEM,PT
15,16,PAN,PAN
15,16,PRI,PRI
15,16,PRD,PRD
15,16,PT,PT
15,16,MORENA,PT
15,16,PVEM,PT
15,17,PAN,PAN
15,17,PRI,PRI
15,17,PRD,PRD
15,17,PT,PT
15,17,MORENA,MORENA
15,17,PVEM,PVEM
15,18,PAN,PAN
15,18,PRI,PRI
15,18,PRD,PRD
15,18,PT,PT
15,18,MORENA,MORENA
15,18,PVEM,PVEM
15,19,PAN,PAN
15,19,PRI,PAN
15,19,PRD,PAN
15,19,PT,PT
15,19,MORENA,MORENA
15,19,PVEM,PVEM
15,20,PAN,PRD
15,20,PRI,PRD
15,20,PRD,PRD
15,20,PT,PT
15,20,MORENA,MORENA
15,20,PVEM,PVEM
15,21,PAN,PAN
15,21,PRI,PRI
15,21,PRD,PRD
15,21,PT,PT
15,21,MORENA,MORENA
15,21,PVEM,PVEM
15,22,PAN,PAN
15,22,PRI,PRI
15,22,PRD,PRD
15,22,PT,PT
15,22,MORENA,MORENA
15,22,PVEM,PVEM
15,23,PAN,PAN
15,23,PRI,PRI
15,23,PRD,PRD
15,23,PT,PT
15,23,MORENA,MORENA
15,23,PVEM,PVEM
15,24,PAN,PAN
15,24,PRI,PAN
15,24,PRD,PAN
15,24,PT,MORENA
15,24,MORENA,MORENA
15,24,PVEM,MORENA
15,25,PAN,PAN
15,25,PRI,PRI
15,25,PRD,PRD
15,25,PT,PT
15,25,MORENA,MORENA
15,25,PVEM,PVEM
15,26,PAN,PRI
15,26,PRI,PRI
15,26,PRD,PRI
15,26,PT,PVEM
15,26,MORENA,PVEM
15,26,PVEM,PVEM
15,27,PAN,PRI
15,27,PRI,PRI
15,27,PRD,PRI
15,27,PT,PT
15,27,MORENA,PT
15,27,PVEM,PT
15,28,PAN,PAN
15,28,PRI,PRI
15,28,PRD,PRD
15,28,PT,PT
15,28,MORENA,MORENA
15,28,PVEM,PVEM
15,29,PAN,PRI
15,29,PRI,PRI
15,29,PRD,PRI
15,29,PT,PT
15,29,MORENA,MORENA
15,29,PVEM,PVEM
15,30,PAN,PAN
15,30,PRI,PRI
15,30,PRD,PRD
15,30,PT,MORENA
15,30,MORENA,MORENA
15,30,PVEM,MORENA
15,31,PAN,PRD
15,31,PRI,PRD
15,31,PRD,PRD
15,31,PT,PT
15,31,MORENA,MORENA
15,31,PVEM,PVEM
15,32,PAN,PRD
15,32,PRI,PRD
15,32,PRD,PRD
15,32,PT,PT
15,32,MORENA,PT
15,32,PVEM,PT
15,33,PAN,PRI
15,33,PRI,PRI
15,33,PRD,PRI
15,33,PT,PT
15,33,MORENA,MORENA
15,33,PVEM,PVEM
15,34,PAN,PAN
15,34,PRI,PAN
15,34,PRD,PAN
15,34,PT,MORENA
15,34,MORENA,MORENA
15,34,PVEM,MORENA
15,35,PAN,PRI
15,35,PRI,PRI
15,35,PRD,PRI
15,35,PT,MORENA
15,35,MORENA,MORENA
15,35,PVEM,MORENA
15,36,PAN,PRI
15,36,PRI,PRI
15,36,PRD,PRI
15,36,PT,PT
15,36,MORENA,MORENA
15,36,PVEM,PVEM
15,37,PAN,PAN
15,37,PRI,PRI
15,37,PRD,PRD
15,37,PT,PT
15,37,MORENA,MORENA
15,37,PVEM,PVEM
15,38,PAN,PAN
15,38,PRI,PRI
15,38,PRD,PRD
15,38,PT,PT
15,38,MORENA,MORENA
15,38,PVEM,PVEM
15,39,PAN,PRI
15,39,PRI,PRI
15,39,PRD,PRI
15,39,PT,PT
15,39,MORENA,PT
15,39,PVEM,PT
15,40,PAN,PAN
15,40,PRI,PAN
15,40,PRD,PAN
15,40,PT,PT
15,40,MORENA,MORENA
15,40,PVEM,PVEM
15,41,PAN,PRI
15,41,PRI,PRI
15,41,PRD,PRI
15,41,PT,PVEM
15,41,MORENA,PVEM
15,41,PVEM,PVEM
16,1,PAN,PRI
16,1,PRI,PRI
16,1,PRD,PRI
16,1,PT,PT
16,1,MORENA,MORENA
16,1,PVEM,PVEM
16,2,PAN,PRD
16,2,PRI,PRD
16,2,PRD,PRD
16,2,PT,PT
16,2,MORENA,MORENA
16,2,PVEM,PVEM
16,3,PAN,PRD
16,3,PRI,PRD
16,3,PRD,PRD
16,3,PT,PT
16,3,MORENA,PT
16,3,PVEM,PT
16,4,PAN,PAN
16,4,PRI,PAN
16,4,PRD,PAN
16,4,PT,PT
16,4,MORENA,MORENA
16,4,PVEM,PVEM
16,5,PAN,PAN
16,5,PRI,PAN
16,5,PRD,PAN
16,5,PT,PT
16,5,MORENA,MORENA
16,5,PVEM,PVEM
16,6,PAN,PAN
16,6,PRI,PAN
16,6,PRD,PAN
16,6,PT,PT
16,6,MORENA,MORENA
16,6,PVEM,PVEM
16,7,PAN,PRI
16,7,PRI,PRI
16,7,PRD,PRI
16,7,PT,PT
16,7,MORENA,MORENA
16,7,PVEM,PVEM
16,8,PAN,PRI
16,8,PRI,PRI
16,8,PRD,PRI
16,8,PT,PT
16,8,MORENA,MORENA
16,8,PVEM,PVEM
16,9,PAN,PRD
16,9,PRI,PRD
16,9,PRD,PRD
16,9,PT,PT
16,9,MORENA,MORENA
16,9,PVEM,PVEM
16,10,PAN,PAN
16,10,PRI,PAN
16,10,PRD,PAN
16,10,PT,PT
16,10,MORENA,MORENA
16,10,PVEM,PVEM
16,11,PAN,PAN
16,11,PRI,PAN
16,11,PRD,PAN
16,11,PT,PT
16,11,MORENA,MORENA
16,11,PVEM,PVEM
16,12,PAN,PRI
16,12,PRI,PRI
16,12,PRD,PRI
16,12,PT,PT
16,12,MORENA,PT
16,12,PVEM,PT
17,1,PAN,PAN
17,1,PRI,PRI
17,1,PRD,PRD
17,1,PT,PT
17,1,MORENA,MORENA
17,1,PVEM,PVEM
17,2,PAN,PAN
17,2,PRI,PRI
17,2,PRD,PRD
17,2,PT,MORENA
17,2,MORENA,MORENA
17,2,PVEM,MORENA
17,3,PAN,PAN
17,3,PRI,PRI
17,3,PRD,PRD
17,3,PT,PT
17,3,MORENA,MORENA
17,3,PVEM,PVEM
17,4,PAN,PAN
17,4,PRI,PRI
17,4,PRD,PRD
17,4,PT,MORENA
17,4,MORENA,MORENA
17,4,PVEM,MORENA
17,5,PAN,PAN
17,5,PRI,PRI
17,5,PRD,PRD
17,5,PT,PT
17,5,MORENA,MORENA
17,5,PVEM,PVEM
18,1,PAN,PRI
18,1,PRI,PRI
18,1,PRD,PRI
18,1,PT,MORENA
18,1,MORENA,MORENA
18,1,PVEM,MORENA
18,2,PAN,PAN
18,2,PRI,PAN
18,2,PRD,PAN
18,2,PT,PVEM
18,2,MORENA,PVEM
18,2,PVEM,PVEM
18,3,PAN,PAN
18,3,PRI,PAN
18,3,PRD,PAN
18,3,PT,PT
18,3,MORENA,PT
18,3,PVEM,PT
19,1,PAN,PAN
19,1,PRI,PRI
19,1,PRD,PRD
19,1,PT,PT
19,1,MORENA,MORENA
19,1,PVEM,PVEM
19,2,PAN,PAN
19,2,PRI,PRI
19,2,PRD,PRD
19,2,PT,MORENA
19,2,MORENA,MORENA
19,2,PVEM,MORENA
19,3,PAN,PAN
19,3,PRI,PRI
19,3,PRD,PRD
19,3,PT,PT
19,3,MORENA,PT
19,3,PVEM,PT
19,4,PAN,PAN
19,4,PRI,PRI
19,4,PRD,PRD
19,4,PT,PT
19,4,MORENA,MORENA
19,4,PVEM,PVEM
19,5,PAN,PAN
19,5,PRI,PRI
19,5,PRD,PRD
19,5,PT,PT
19,5,MORENA,PT
19,5,PVEM,PT
19,6,PAN,PAN
19,6,PRI,PRI
19,6,PRD,PRD
19,6,PT,PT
19,6,MORENA,MORENA
19,6,PVEM,PVEM
19,7,PAN,PAN
19,7,PRI,PRI
19,7,PRD,PRD
19,7,PT,PVEM
19,7,MORENA,PVEM
19,7,PVEM,PVEM
19,8,PAN,PAN
19,8,PRI,PRI
19,8,PRD,PRD
19,8,PT,PVEM
19,8,MORENA,PVEM
19,8,PVEM,PVEM
19,9,PAN,PAN
19,9,PRI,PRI
19,9,PRD,PRD
19,9,PT,PT
19,9,MORENA,MORENA
19,9,PVEM,PVEM
19,10,PAN,PAN
19,10,PRI,PRI
19,10,PRD,PRD
19,10,PT,PVEM
19,10,MORENA,PVEM
19,10,PVEM,PVEM
19,11,PAN,PAN
19,11,PRI,PRI
19,11,PRD,PRD
19,11,PT,PT
19,11,MORENA,PT
19,11,PVEM,PT
19,12,PAN,PAN
19,12,PRI,PRI
19,12,PRD,PRD
19,12,PT,MORENA
19,12,MORENA,MORENA
19,12,PVEM,MORENA
20,1,PAN,PRI
20,1,PRI,PRI
20,1,PRD,PRI
20,1,PT,MORENA
20,1,MORENA,MORENA
20,1,PVEM,MORENA
20,2,PAN,PRD
20,2,PRI,PRD
20,2,PRD,PRD
20,2,PT,PT
20,2,MORENA,MORENA
20,2,PVEM,PVEM
20,3,PAN,PRI
20,3,PRI,PRI
20,3,PRD,PRI
20,3,PT,PT
20,3,MORENA,PT
20,3,PVEM,PT
20,4,PAN,PRI
20,4,PRI,PRI
20,4,PRD,PRI
20,4,PT,MORENA
20,4,MORENA,MORENA
20,4,PVEM,MORENA
20,5,PAN,PRI
20,5,PRI,PRI
20,5,PRD,PRI
20,5,PT,MORENA
20,5,MORENA,MORENA
20,5,PVEM,MORENA
20,6,PAN,PRD
20,6,PRI,PRD
20,6,PRD,PRD
20,6,PT,PT
20,6,MORENA,MORENA
20,6,PVEM,PVEM
20,7,PAN,PRI
20,7,PRI,PRI
20,7,PRD,PRI
20,7,PT,PVEM
20,7,MORENA,PVEM
20,7,PVEM,PVEM
20,8,PAN,PRI
20,8,PRI,PRI
20,8,PRD,PRI
20,8,PT,PT
20,8,MORENA,PT
20,8,PVEM,PT
20,9,PAN,PRI
20,9,PRI,PRI
20,9,PRD,PRI
20,9,PT,MORENA
20,9,MORENA,MORENA
20,9,PVEM,MORENA
20,10,PAN,PRI
20,10,PRI,PRI
20,10,PRD,PRI
20,10,PT,PT
20,10,MORENA,MORENA
20,10,PVEM,PVEM
21,1,PAN,PRD
21,1,PRI,PRD
21,1,PRD,PRD
21,1,PT,PVEM
21,1,MORENA,PVEM
21,1,PVEM,PVEM
21,2,PAN,PRI
21,2,PRI,PRI
21,2,PRD,PRI
21,2,PT,PVEM
21,2,MORENA,PVEM
21,2,PVEM,PVEM
21,3,PAN,PRI
21,3,PRI,PRI
21,3,PRD,PRI
21,3,PT,PT
21,3,MORENA,PT
21,3,PVEM,PT
21,4,PAN,PRD
21,4,PRI,PRD
21,4,PRD,PRD
21,4,PT,MORENA
21,4,MORENA,MORENA
21,4,PVEM,MORENA
21,5,PAN,PRD
21,5,PRI,PRD
21,5,PRD,PRD
21,5,PT,PT
21,5,MORENA,PT
21,5,PVEM,PT
21,6,PAN,PRI
21,6,PRI,PRI
21,6,PRD,PRI
21,6,PT,MORENA
21,6,MORENA,MORENA
21,6,PVEM,MORENA
21,7,PAN,PAN
21,7,PRI,PAN
21,7,PRD,PAN
21,7,PT,PT
21,7,MORENA,PT
21,7,PVEM,PT
21,8,PAN,PRI
21,8,PRI,PRI
21,8,PRD,PRI
21,8,PT,MORENA
21,8,MORENA,MORENA
21,8,PVEM,MORENA
21,9,PAN,PAN
21,9,PRI,PAN
21,9,PRD,PAN
21,9,PT,PVEM
21,9,MORENA,PVEM
21,9,PVEM,PVEM
21,10,PAN,PAN
21,10,PRI,PAN
21,10,PRD,PAN
21,10,PT,MORENA
21,10,MORENA,MORENA
21,10,PVEM,MORENA
21,11,PAN,PAN
21,11,PRI,PAN
21,11,PRD,PAN
21,11,PT,MORENA
21,11,MORENA,MORENA
21,11,PVEM,MORENA
21,12,PAN,PAN
21,12,PRI,PAN
21,12,PRD,PAN
21,12,PT,MORENA
21,12,MORENA,MORENA
21,12,PVEM,MORENA
21,13,PAN,PRD
21,13,PRI,PRD
21,13,PRD,PRD
21,13,PT,MORENA
21,13,MORENA,MORENA
21,13,PVEM,MORENA
21,14,PAN,PRI
21,14,PRI,PRI
21,14,PRD,PRI
21,14,PT,PT
21,14,MORENA,PT
21,14,PVEM,PT
21,15,PAN,PRI
21,15,PRI,PRI
21,15,PRD,PRI
21,15,PT,PT
21,15,MORENA,PT
21,15,PVEM,PT
22,1,PAN,PAN
22,1,PRI,PRI
22,1,PRD,PRD
22,1,PT,PT
22,1,MORENA,MORENA
22,1,PVEM,PVEM
22,2,PAN,PAN
22,2,PRI,PRI
22,2,PRD,PRD
22,2,PT,MORENA
22,2,MORENA,MORENA
22,2,PVEM,MORENA
22,3,PAN,PAN
22,3,PRI,PRI
22,3,PRD,PRD
22,3,PT,MORENA
22,3,MORENA,MORENA
22,3,PVEM,MORENA
22,4,PAN,PAN
22,4,PRI,PRI
22,4,PRD,PRD
22,4,PT,PT
22,4,MORENA,MORENA
22,4,PVEM,PVEM
22,5,PAN,PAN
22,5,PRI,PRI
22,5,PRD,PRD
22,5,PT,PT
22,5,MORENA,MORENA
22,5,PVEM,PVEM
23,1,PAN,PAN
23,1,PRI,PAN
23,1,PRD,PAN
23,1,PT,PVEM
23,1,MORENA,PVEM
23,1,PVEM,PVEM
23,2,PAN,PRI
23,2,PRI,PRI
23,2,PRD,PRI
23,2,PT,MORENA
23,2,MORENA,MORENA
23,2,PVEM,MORENA
23,3,PAN,PRD
23,3,PRI,PRD
23,3,PRD,PRD
23,3,PT,MORENA
23,3,MORENA,MORENA
23,3,PVEM,MORENA
23,4,PAN,PRD
23,4,PRI,PRD
23,4,PRD,PRD
23,4,PT,PVEM
23,4,MORENA,PVEM
23,4,PVEM,PVEM
24,1,PAN,PRI
24,1,PRI,PRI
24,1,PRD,PRI
24,1,PT,PVEM
24,1,MORENA,PVEM
24,1,PVEM,PVEM
24,2,PAN,PRI
24,2,PRI,PRI
24,2,PRD,PRI
24,2,PT,PT
24,2,MORENA,MORENA
24,2,PVEM,PVEM
24,3,PAN,PRI
24,3,PRI,PRI
24,3,PRD,PRI
24,3,PT,PVEM
24,3,MORENA,PVEM
24,3,PVEM,PVEM
24,4,PAN,PRD
24,4,PRI,PRD
24,4,PRD,PRD
24,4,PT,MORENA
24,4,MORENA,MORENA
24,4,PVEM,MORENA
24,5,PAN,PAN
24,5,PRI,PAN
24,5,PRD,PAN
24,5,PT,PVEM
24,5,MORENA,PVEM
24,5,PVEM,PVEM
24,6,PAN,PAN
24,6,PRI,PAN
24,6,PRD,PAN
24,6,PT,PVEM
24,6,MORENA,PVEM
24,6,PVEM,PVEM
24,7,PAN,PAN
24,7,PRI,PAN
24,7,PRD,PAN
24,7,PT,PVEM
24,7,MORENA,PVEM
24,7,PVEM,PVEM
25,1,PAN,PAN
25,1,PRI,PAN
25,1,PRD,PAN
25,1,PT,PT
25,1,MORENA,PT
25,1,PVEM,PT
25,2,PAN,PAN
25,2,PRI,PAN
25,2,PRD,PAN
25,2,PT,MORENA
25,2,MORENA,MORENA
25,2,PVEM,MORENA
25,3,PAN,PRI
25,3,PRI,PRI
25,3,PRD,PRI
25,3,PT,PT
25,3,MORENA,PT
25,3,PVEM,PT
25,4,PAN,PRI
25,4,PRI,PRI
25,4,PRD,PRI
25,4,PT,PT
25,4,MORENA,MORENA
25,4,PVEM,PVEM
25,5,PAN,PRI
25,5,PRI,PRI
25,5,PRD,PRI
25,5,PT,MORENA
25,5,MORENA,MORENA
25,5,PVEM,MORENA
25,6,PAN,PRI
25,6,PRI,PRI
25,6,PRD,PRI
25,6,PT,PT
25,6,MORENA,MORENA
25,6,PVEM,PVEM
25,7,PAN,PRI
25,7,PRI,PRI
25,7,PRD,PRI
25,7,PT,MORENA
25,7,MORENA,MORENA
25,7,PVEM,MORENA
26,1,PAN,PAN
26,1,PRI,PAN
26,1,PRD,PAN
26,1,PT,PT
26,1,MORENA,MORENA
26,1,PVEM,PVEM
26,2,PAN,PAN
26,2,PRI,PAN
26,2,PRD,PAN
26,2,PT,PT
26,2,MORENA,PT
26,2,PVEM,PT
26,3,PAN,PAN
26,3,PRI,PAN
26,3,PRD,PAN
26,3,PT,MORENA
26,3,MORENA,MORENA
26,3,PVEM,MORENA
26,4,PAN,PRD
26,4,PRI,PRD
26,4,PRD,PRD
26,4,PT,PT
26,4,MORENA,MORENA
26,4,PVEM,PVEM
26,5,PAN,PRI
26,5,PRI,PRI
26,5,PRD,PRI
26,5,PT,MORENA
26,5,MORENA,MORENA
26,5,PVEM,MORENA
26,6,PAN,PRI
26,6,PRI,PRI
26,6,PRD,PRI
26,6,PT,PT
26,6,MORENA,MORENA
26,6,PVEM,PVEM
26,7,PAN,PRI
26,7,PRI,PRI
26,7,PRD,PRI
26,7,PT,PT
26,7,MORENA,PT
26,7,PVEM,PT
27,1,PAN,PRI
27,1,PRI,PRI
27,1,PRD,PRI
27,1,PT,PT
27,1,MORENA,MORENA
27,1,PVEM,PVEM
27,2,PAN,PRD
27,2,PRI,PRD
27,2,PRD,PRD
27,2,PT,PT
27,2,MORENA,MORENA
27,2,PVEM,PVEM
27,3,PAN,PRD
27,3,PRI,PRD
27,3,PRD,PRD
27,3,PT,PT
27,3,MORENA,MORENA
27,3,PVEM,PVEM
27,4,PAN,PRD
27,4,PRI,PRD
27,4,PRD,PRD
27,4,PT,PT
27,4,MORENA,MORENA
27,4,PVEM,PVEM
27,5,PAN,PRD
27,5,PRI,PRD
27,5,PRD,PRD
27,5,PT,PT
27,5,MORENA,MORENA
27,5,PVEM,PVEM
27,6,PAN,PAN
27,6,PRI,PAN
27,6,PRD,PAN
27,6,PT,PT
27,6,MORENA,MORENA
27,6,PVEM,PVEM
28,1,PAN,PAN
28,1,PRI,PRI
28,1,PRD,PRD
28,1,PT,PVEM
28,1,MORENA,PVEM
28,1,PVEM,PVEM
28,2,PAN,PAN
28,2,PRI,PRI
28,2,PRD,PRD
28,2,PT,PT
28,2,MORENA,PT
28,2,PVEM,PT
28,3,PAN,PAN
28,3,PRI,PRI
28,3,PRD,PRD
28,3,PT,PVEM
28,3,MORENA,PVEM
28,3,PVEM,PVEM
28,4,PAN,PAN
28,4,PRI,PRI
28,4,PRD,PRD
28,4,PT,MORENA
28,4,MORENA,MORENA
28,4,PVEM,MORENA
28,5,PAN,PAN
28,5,PRI,PRI
28,5,PRD,PRD
28,5,PT,PVEM
28,5,MORENA,PVEM
28,5,PVEM,PVEM
28,6,PAN,PAN
28,6,PRI,PRI
28,6,PRD,PRD
28,6,PT,PT
28,6,MORENA,MORENA
28,6,PVEM,PVEM
28,7,PAN,PAN
28,7,PRI,PRI
28,7,PRD,PRD
28,7,PT,MORENA
28,7,MORENA,MORENA
28,7,PVEM,MORENA
28,8,PAN,PAN
28,8,PRI,PRI
28,8,PRD,PRD
28,8,PT,MORENA
28,8,MORENA,MORENA
28,8,PVEM,MORENA
28,9,PAN,PAN
28,9,PRI,PRI
28,9,PRD,PRD
28,9,PT,PT
28,9,MORENA,PT
28,9,PVEM,PT
29,1,PAN,PAN
29,1,PRI,PAN
29,1,PRD,PAN
29,1,PT,PT
29,1,MORENA,PT
29,1,PVEM,PT
29,2,PAN,PRD
29,2,PRI,PRD
29,2,PRD,PRD
29,2,PT,PT
29,2,MORENA,PT
29,2,PVEM,PT
29,3,PAN,PRI
29,3,PRI,PRI
29,3,PRD,PRI
29,3,PT,PT
29,3,MORENA,MORENA
29,3,PVEM,PVEM
30,1,PAN,PRI
30,1,PRI,PRI
30,1,PRD,PRI
30,1,PT,PVEM
30,1,MORENA,PVEM
30,1,PVEM,PVEM
30,2,PAN,PAN
30,2,PRI,PAN
30,2,PRD,PAN
30,2,PT,PVEM
30,2,MORENA,PVEM
30,2,PVEM,PVEM
30,3,PAN,PAN
30,3,PRI,PAN
30,3,PRD,PAN
30,3,PT,MORENA
30,3,MORENA,MORENA
30,3,PVEM,MORENA
30,4,PAN,PAN
30,4,PRI,PAN
30,4,PRD,PAN
30,4,PT,MORENA
30,4,MORENA,MORENA
30,4,PVEM,MORENA
30,5,PAN,PRD
30,5,PRI,PRD
30,5,PRD,PRD
30,5,PT,MORENA
30,5,MORENA,MORENA
30,5,PVEM,MORENA
30,6,PAN,PRD
30,6,PRI,PRD
30,6,PRD,PRD
30,6,PT,PT
30,6,MORENA,MORENA
30,6,PVEM,PVEM
30,7,PAN,PAN
30,7,PRI,PAN
30,7,PRD,PAN
30,7,PT,PT
30,7,MORENA,MORENA
30,7,PVEM,PVEM
30,8,PAN,PRI
30,8,PRI,PRI
30,8,PRD,PRI
30,8,PT,MORENA
30,8,MORENA,MORENA
30,8,PVEM,MORENA
30,9,PAN,PRI
30,9,PRI,PRI
30,9,PRD,PRI
30,9,PT,PT
30,9,MORENA,MORENA
30,9,PVEM,PVEM
30,10,PAN,PRI
30,10,PRI,PRI
30,10,PRD,PRI
30,10,PT,PT
30,10,MORENA,MORENA
30,10,PVEM,PVEM
30,11,PAN,PRI
30,11,PRI,PRI
30,11,PRD,PRI
30,11,PT,PT
30,11,MORENA,MORENA
30,11,PVEM,PVEM
30,12,PAN,PAN
30,12,PRI,PAN
30,12,PRD,PAN
30,12,PT,PVEM
30,12,MORENA,PVEM
30,12,PVEM,PVEM
30,13,PAN,PAN
30,13,PRI,PAN
30,13,PRD,PAN
30,13,PT,PVEM
30,13,MORENA,PVEM
30,13,PVEM,PVEM
30,14,PAN,PRD
30,14,PRI,PRD
30,14,PRD,PRD
30,14,PT,MORENA
30,14,MORENA,MORENA
30,14,PVEM,MORENA
30,15,PAN,PRI
30,15,PRI,PRI
30,15,PRD,PRI
30,15,PT,MORENA
30,15,MORENA,MORENA
30,15,PVEM,MORENA
30,16,PAN,PRI
30,16,PRI,PRI
30,16,PRD,PRI
30,16,PT,MORENA
30,16,MORENA,MORENA
30,16,PVEM,MORENA
30,17,PAN,PAN
30,17,PRI,PAN
30,17,PRD,PAN
30,17,PT,MORENA
30,17,MORENA,MORENA
30,17,PVEM,MORENA
30,18,PAN,PRD
30,18,PRI,PRD
30,18,PRD,PRD
30,18,PT,PVEM
30,18,MORENA,PVEM
30,18,PVEM,PVEM
30,19,PAN,PRD
30,19,PRI,PRD
30,19,PRD,PRD
30,19,PT,MORENA
30,19,MORENA,MORENA
30,19,PVEM,MORENA
30,20,PAN,PRD
30,20,PRI,PRD
30,20,PRD,PRD
30,20,PT,PT
30,20,MORENA,MORENA
30,20,PVEM,PVEM
31,1,PAN,PAN
31,1,PRI,PRI
31,1,PRD,PRD
31,1,PT,PT
31,1,MORENA,MORENA
31,1,PVEM,PVEM
31,2,PAN,PAN
31,2,PRI,PRI
31,2,PRD,PRD
31,2,PT,PVEM
31,2,MORENA,PVEM
31,2,PVEM,PVEM
31,3,PAN,PAN
31,3,PRI,PRI
31,3,PRD,PRD
31,3,PT,PT
31,3,MORENA,MORENA
31,3,PVEM,PVEM
31,4,PAN,PAN
31,4,PRI,PRI
31,4,PRD,PRD
31,4,PT,PT
31,4,MORENA,MORENA
31,4,PVEM,PVEM
31,5,PAN,PAN
31,5,PRI,PRI
31,5,PRD,PRD
31,5,PT,PVEM
31,5,MORENA,PVEM
31,5,PVEM,PVEM
32,1,PAN,PRI
32,1,PRI,PRI
32,1,PRD,PRI
32,1,PT,MORENA
32,1,MORENA,MORENA
32,1,PVEM,MORENA
32,2,PAN,PAN
32,2,PRI,PAN
32,2,PRD,PAN
32,2,PT,PVEM
32,2,MORENA,PVEM
32,2,PVEM,PVEM
32,3,PAN,PRI
32,3,PRI,PRI
32,3,PRD,PRI
32,3,PT,PT
32,3,MORENA,PT
32,3,PVEM,PT
32,4,PAN,PRI
32,4,PRI,PRI
32,4,PRD,PRI
32,4,PT,PT
32,4,MORENA,MORENA
32,4,PVEM,PVEM
